<?xml version="1.0" encoding="UTF-8"?>
<!-- This is file 'modelDescription.xml' for input 'co.idf'. -->
<fmiModelDescription  fmiVersion="2.0"
  modelName="co.idf"
  guid="1c705eaa5b1d16d7ff6c3013daf0bdd1"
  description="Automatically generated from EnergyPlus input file co.idf"
  generationTool="idf-to-fmu-export-prep-win.exe"
  generationDateAndTime="2025-07-08T18:28:24Z"
  variableNamingConvention="flat"
  numberOfEventIndicators="0">
  <!-- Note guid is an md5 checksum of the IDF file. -->
  <!-- EnergyPlus provided as tool (as opposed to source code or DLL). -->
  <CoSimulation
      modelIdentifier="co"
      needsExecutionTool="false"
      canHandleVariableCommunicationStepSize="false"
      canInterpolateInputs="false"
      maxOutputDerivativeOrder="0"
      canGetAndSetFMUstate="false"
      canSerializeFMUstate="false"
      canRunAsynchronuously="false"
      canBeInstantiatedOnlyOncePerProcess="false"
      canNotUseMemoryManagementFunctions="true"
      providesDirectionalDerivative="false"/>
  <!-- Exposed model variables. -->
  <ModelVariables>
    <!-- Note valueReferences are (1, 2, 3...) for causality="input" (to E+). -->
    <!-- Note valueReferences are (100001, 100002, 100003...) for "output" (from E+). -->
    <!-- Note the order of valueReferences should match the order of elements in file 'variables.cfg'. -->
    <!-- Index for next variable is '1'. -->
    <ScalarVariable  name="Tfmu"  valueReference="1"
      variability="continuous"  causality="input"
      description="IDF line 1775">
      <Real  start="10"/>
    </ScalarVariable>
    <!-- Index for next variable is '2'. -->
    <ScalarVariable  name="AFfmu"  valueReference="2"
      variability="continuous"  causality="input"
      description="IDF line 1781">
      <Real  start="17"/>
    </ScalarVariable>
    <!-- Index for next variable is '3'. -->
    <ScalarVariable  name="Tmain"  valueReference="100001"
      variability="continuous"  causality="output"
      description="IDF line 1742">
      <Real/>
    </ScalarVariable>
    <!-- Index for next variable is '4'. -->
    <ScalarVariable  name="Tsub"  valueReference="100002"
      variability="continuous"  causality="output"
      description="IDF line 1747">
      <Real/>
    </ScalarVariable>
    <!-- Index for next variable is '5'. -->
    <ScalarVariable  name="Tret"  valueReference="100003"
      variability="continuous"  causality="output"
      description="IDF line 1752">
      <Real/>
    </ScalarVariable>
    <!-- Index for next variable is '6'. -->
    <ScalarVariable  name="Tsup1"  valueReference="100004"
      variability="continuous"  causality="output"
      description="IDF line 1757">
      <Real/>
    </ScalarVariable>
    <!-- Index for next variable is '7'. -->
    <ScalarVariable  name="Tsup2"  valueReference="100005"
      variability="continuous"  causality="output"
      description="IDF line 1762">
      <Real/>
    </ScalarVariable>
    <!-- Index for next variable is '8'. -->
    <ScalarVariable  name="Q"  valueReference="100006"
      variability="continuous"  causality="output"
      description="IDF line 1767">
      <Real/>
    </ScalarVariable>
  </ModelVariables>
  <!-- ModelStructure details for co-simulation. -->
  <ModelStructure>
    <!-- Outputs variables of the FMU. -->
    <Outputs>
      <Unknown  index="3"/>
      <Unknown  index="4"/>
      <Unknown  index="5"/>
      <Unknown  index="6"/>
      <Unknown  index="7"/>
      <Unknown  index="8"/>
    </Outputs>
  </ModelStructure>
</fmiModelDescription>
